<?xml version="1.0" encoding="UTF-8"?>
<project-private xmlns="http://www.netbeans.org/ns/project-private/1">
    <editor-bookmarks xmlns="http://www.netbeans.org/ns/editor-bookmarks/2" lastBookmarkId="0"/>
    <open-files xmlns="http://www.netbeans.org/ns/projectui-open-files/2">
        <group>
            <file>file:/C:/Users/Marti/Documents/GitHub/UF6-Project/LevyMarti-UF5-Project/src/DAO/ChampionDAO.java</file>
            <file>file:/C:/Users/Marti/Documents/GitHub/UF6-Project/LevyMarti-UF5-Project/src/DAO/BDUtil.java</file>
            <file>file:/C:/Users/Marti/Documents/GitHub/UF6-Project/LevyMarti-UF5-Project/src/main/Main.java</file>
        </group>
    </open-files>
</project-private>
